{
    "name": "root",
    "gauges": {
        "BoxerBlue.Policy.Entropy.mean": {
            "value": 2.5155558586120605,
            "min": 2.4289777278900146,
            "max": 2.6286065578460693,
            "count": 21
        },
        "BoxerBlue.Policy.Entropy.sum": {
            "value": 12527.46875,
            "min": 9830.98828125,
            "max": 13110.0166015625,
            "count": 21
        },
        "BoxerBlue.Step.mean": {
            "value": 484990.0,
            "min": 384964.0,
            "max": 484990.0,
            "count": 21
        },
        "BoxerBlue.Step.sum": {
            "value": 484990.0,
            "min": 384964.0,
            "max": 484990.0,
            "count": 21
        },
        "BoxerBlue.Policy.ExtrinsicValueEstimate.mean": {
            "value": 16.82553482055664,
            "min": 16.451175689697266,
            "max": 20.64377212524414,
            "count": 21
        },
        "BoxerBlue.Policy.ExtrinsicValueEstimate.sum": {
            "value": 1329.21728515625,
            "min": 1023.1469116210938,
            "max": 1630.8580322265625,
            "count": 21
        },
        "BoxerBlue.Environment.EpisodeLength.mean": {
            "value": 2989.0,
            "min": 445.0,
            "max": 3865.0,
            "count": 21
        },
        "BoxerBlue.Environment.EpisodeLength.sum": {
            "value": 8967.0,
            "min": 522.0,
            "max": 12426.0,
            "count": 21
        },
        "BoxerBlue.Environment.CumulativeReward.mean": {
            "value": 599.4333815574646,
            "min": 75.16000469525655,
            "max": 818.3100643157959,
            "count": 21
        },
        "BoxerBlue.Environment.CumulativeReward.sum": {
            "value": 1798.3001446723938,
            "min": 100.63000679016113,
            "max": 2423.6101932525635,
            "count": 21
        },
        "BoxerBlue.Policy.ExtrinsicReward.mean": {
            "value": 599.4333815574646,
            "min": 75.16000469525655,
            "max": 818.3100643157959,
            "count": 21
        },
        "BoxerBlue.Policy.ExtrinsicReward.sum": {
            "value": 1798.3001446723938,
            "min": 100.63000679016113,
            "max": 2423.6101932525635,
            "count": 21
        },
        "BoxerBlue.IsTraining.mean": {
            "value": 1.0,
            "min": 1.0,
            "max": 1.0,
            "count": 21
        },
        "BoxerBlue.IsTraining.sum": {
            "value": 1.0,
            "min": 1.0,
            "max": 1.0,
            "count": 21
        },
        "BoxerRed.Policy.Entropy.mean": {
            "value": 2.5379116535186768,
            "min": 2.431326150894165,
            "max": 2.6548328399658203,
            "count": 21
        },
        "BoxerRed.Policy.Entropy.sum": {
            "value": 12557.5869140625,
            "min": 9980.53515625,
            "max": 13094.3837890625,
            "count": 21
        },
        "BoxerRed.Step.mean": {
            "value": 484990.0,
            "min": 384964.0,
            "max": 484990.0,
            "count": 21
        },
        "BoxerRed.Step.sum": {
            "value": 484990.0,
            "min": 384964.0,
            "max": 484990.0,
            "count": 21
        },
        "BoxerRed.Policy.ExtrinsicValueEstimate.mean": {
            "value": 17.415973663330078,
            "min": 15.603238105773926,
            "max": 19.64972686767578,
            "count": 21
        },
        "BoxerRed.Policy.ExtrinsicValueEstimate.sum": {
            "value": 1375.8619384765625,
            "min": 982.5872802734375,
            "max": 1536.0828857421875,
            "count": 21
        },
        "BoxerRed.Environment.EpisodeLength.mean": {
            "value": 2989.0,
            "min": 445.0,
            "max": 3292.3333333333335,
            "count": 20
        },
        "BoxerRed.Environment.EpisodeLength.sum": {
            "value": 8967.0,
            "min": 522.0,
            "max": 12426.0,
            "count": 20
        },
        "BoxerRed.Environment.CumulativeReward.mean": {
            "value": 589.3833802541097,
            "min": 98.5766700108846,
            "max": 653.4267188707987,
            "count": 20
        },
        "BoxerRed.Environment.CumulativeReward.sum": {
            "value": 1768.150140762329,
            "min": 103.43000507354736,
            "max": 2498.7101900577545,
            "count": 20
        },
        "BoxerRed.Policy.ExtrinsicReward.mean": {
            "value": 589.3833802541097,
            "min": 98.5766700108846,
            "max": 653.4267188707987,
            "count": 20
        },
        "BoxerRed.Policy.ExtrinsicReward.sum": {
            "value": 1768.150140762329,
            "min": 103.43000507354736,
            "max": 2498.7101900577545,
            "count": 20
        },
        "BoxerRed.IsTraining.mean": {
            "value": 1.0,
            "min": 1.0,
            "max": 1.0,
            "count": 21
        },
        "BoxerRed.IsTraining.sum": {
            "value": 1.0,
            "min": 1.0,
            "max": 1.0,
            "count": 21
        },
        "BoxerBlue.Losses.PolicyLoss.mean": {
            "value": 0.02725480473600328,
            "min": 0.019678962874847154,
            "max": 0.02725480473600328,
            "count": 10
        },
        "BoxerBlue.Losses.PolicyLoss.sum": {
            "value": 0.02725480473600328,
            "min": 0.019678962874847154,
            "max": 0.02725480473600328,
            "count": 10
        },
        "BoxerBlue.Losses.ValueLoss.mean": {
            "value": 3.5134535868962606,
            "min": 1.298536272843679,
            "max": 5.962761354446411,
            "count": 10
        },
        "BoxerBlue.Losses.ValueLoss.sum": {
            "value": 3.5134535868962606,
            "min": 1.298536272843679,
            "max": 5.962761354446411,
            "count": 10
        },
        "BoxerBlue.Policy.LearningRate.mean": {
            "value": 3.168496831600006e-06,
            "min": 3.168496831600006e-06,
            "max": 2.1665878334200006e-05,
            "count": 10
        },
        "BoxerBlue.Policy.LearningRate.sum": {
            "value": 3.168496831600006e-06,
            "min": 3.168496831600006e-06,
            "max": 2.1665878334200006e-05,
            "count": 10
        },
        "BoxerBlue.Policy.Epsilon.mean": {
            "value": 0.1031684,
            "min": 0.1031684,
            "max": 0.12166580000000003,
            "count": 10
        },
        "BoxerBlue.Policy.Epsilon.sum": {
            "value": 0.1031684,
            "min": 0.1031684,
            "max": 0.12166580000000003,
            "count": 10
        },
        "BoxerBlue.Policy.Beta.mean": {
            "value": 0.005000000000000001,
            "min": 0.005000000000000001,
            "max": 0.005000000000000001,
            "count": 10
        },
        "BoxerBlue.Policy.Beta.sum": {
            "value": 0.005000000000000001,
            "min": 0.005000000000000001,
            "max": 0.005000000000000001,
            "count": 10
        },
        "BoxerRed.Losses.PolicyLoss.mean": {
            "value": 0.023516591595641026,
            "min": 0.019681779417442157,
            "max": 0.02900452445416401,
            "count": 10
        },
        "BoxerRed.Losses.PolicyLoss.sum": {
            "value": 0.023516591595641026,
            "min": 0.019681779417442157,
            "max": 0.02900452445416401,
            "count": 10
        },
        "BoxerRed.Losses.ValueLoss.mean": {
            "value": 3.0822917461395263,
            "min": 1.176080232858658,
            "max": 6.595248874028524,