{
    "name": "root",
    "gauges": {
        "BoxerRed.Policy.Entropy.mean": {
            "value": 3.2114551067352295,
            "min": 3.174912691116333,
            "max": 3.5679361820220947,
            "count": 18
        },
        "BoxerRed.Policy.Entropy.sum": {
            "value": 16127.927734375,
            "min": 15830.115234375,
            "max": 18018.66796875,
            "count": 18
        },
        "BoxerRed.Step.mean": {
            "value": 89979.0,
            "min": 4989.0,
            "max": 89979.0,
            "count": 18
        },
        "BoxerRed.Step.sum": {
            "value": 89979.0,
            "min": 4989.0,
            "max": 89979.0,
            "count": 18
        },
        "BoxerRed.Policy.ExtrinsicValueEstimate.mean": {
            "value": 120.55169677734375,
            "min": 1.919287919998169,
            "max": 120.55169677734375,
            "count": 18
        },
        "BoxerRed.Policy.ExtrinsicValueEstimate.sum": {
            "value": 9523.583984375,
            "min": 213.04095458984375,
            "max": 9562.5146484375,
            "count": 18
        },
        "BoxerRed.Environment.EpisodeLength.mean": {
            "value": 974.0,
            "min": 62.0,
            "max": 3529.0,
            "count": 18
        },
        "BoxerRed.Environment.EpisodeLength.sum": {
            "value": 1948.0,
            "min": 1948.0,
            "max": 7058.0,
            "count": 18
        },
        "BoxerRed.Environment.CumulativeReward.mean": {
            "value": 2153.723377227783,
            "min": 93.94388027978478,
            "max": 6944.415149688721,
            "count": 18
        },
        "BoxerRed.Environment.CumulativeReward.sum": {
            "value": 6461.17013168335,
            "min": 5380.920085906982,
            "max": 13888.830299377441,
            "count": 18
        },
        "BoxerRed.Policy.ExtrinsicReward.mean": {
            "value": 2153.723377227783,
            "min": 93.94388027978478,
            "max": 6944.415149688721,
            "count": 18
        },
        "BoxerRed.Policy.ExtrinsicReward.sum": {
            "value": 6461.17013168335,
            "min": 5380.920085906982,
            "max": 13888.830299377441,
            "count": 18
        },
        "BoxerRed.IsTraining.mean": {
            "value": 1.0,
            "min": 1.0,
            "max": 1.0,
            "count": 18
        },
        "BoxerRed.IsTraining.sum": {
            "value": 1.0,
            "min": 1.0,
            "max": 1.0,
            "count": 18
        },
        "BoxerBlue.Policy.Entropy.mean": {
            "value": 3.259140968322754,
            "min": 3.259140968322754,
            "max": 3.557697296142578,
            "count": 18
        },
        "BoxerBlue.Policy.Entropy.sum": {
            "value": 16367.40625,
            "min": 16153.93359375,
            "max": 17966.48046875,
            "count": 18
        },
        "BoxerBlue.Step.mean": {
            "value": 89979.0,
            "min": 4989.0,
            "max": 89979.0,
            "count": 18
        },
        "BoxerBlue.Step.sum": {
            "value": 89979.0,
            "min": 4989.0,
            "max": 89979.0,
            "count": 18
        },
        "BoxerBlue.Policy.ExtrinsicValueEstimate.mean": {
            "value": 118.4636459350586,
            "min": -3.2314610481262207,
            "max": 118.4636459350586,
            "count": 18
        },
        "BoxerBlue.Policy.ExtrinsicValueEstimate.sum": {
            "value": 9358.6279296875,
            "min": -391.00677490234375,
            "max": 9358.6279296875,
            "count": 18
        },
        "BoxerBlue.Environment.EpisodeLength.mean": {
            "value": 974.0,
            "min": 62.0,
            "max": 3529.0,
            "count": 18
        },
        "BoxerBlue.Environment.EpisodeLength.sum": {
            "value": 1948.0,
            "min": 1948.0,
            "max": 7058.0,
            "count": 18
        },
        "BoxerBlue.Environment.CumulativeReward.mean": {
            "value": 2139.473377227783,
            "min": 87.89238712502949,
            "max": 6801.540149688721,
            "count": 18
        },
        "BoxerBlue.Environment.CumulativeReward.sum": {
            "value": 6418.42013168335,
            "min": 5301.270092010498,
            "max": 13603.080299377441,
            "count": 18
        },
        "BoxerBlue.Policy.ExtrinsicReward.mean": {
            "value": 2139.473377227783,
            "min": 87.89238712502949,
            "max": 6801.540149688721,
            "count": 18
        },
        "BoxerBlue.Policy.ExtrinsicReward.sum": {
            "value": 6418.42013168335,
            "min": 5301.270092010498,
            "max": 13603.080299377441,
            "count": 18
        },
        "BoxerBlue.IsTraining.mean": {
            "value": 1.0,
            "min": 1.0,
            "max": 1.0,
            "count": 18
        },
        "BoxerBlue.IsTraining.sum": {
            "value": 1.0,
            "min": 1.0,
            "max": 1.0,
            "count": 18
        },
        "BoxerRed.Losses.PolicyLoss.mean": {
            "value": 0.020139441697392613,
            "min": 0.01529621845887353,
            "max": 0.026591764504943664,
            "count": 8
        },
        "BoxerRed.Losses.PolicyLoss.sum": {
            "value": 0.020139441697392613,
            "min": 0.01529621845887353,
            "max": 0.026591764504943664,
            "count": 8
        },
        "BoxerRed.Losses.ValueLoss.mean": {
            "value": 242.2200469970703,
            "min": 165.96900380452473,
            "max": 242.2200469970703,
            "count": 8
        },
        "BoxerRed.Losses.ValueLoss.sum": {
            "value": 242.2200469970703,
            "min": 165.96900380452473,
            "max": 242.2200469970703,
            "count": 8
        },
        "BoxerRed.Policy.LearningRate.mean": {
            "value": 0.00025065541644819984,
            "min": 0.00025065541644819984,
            "max": 0.000293835002055,
            "count": 8
        },
        "BoxerRed.Policy.LearningRate.sum": {
            "value": 0.00025065541644819984,
            "min": 0.00025065541644819984,
            "max": 0.000293835002055,
            "count": 8
        },
        "BoxerRed.Policy.Epsilon.mean": {
            "value": 0.18355180000000001,
            "min": 0.18355180000000001,
            "max": 0.19794499999999995,
            "count": 8
        },
        "BoxerRed.Policy.Epsilon.sum": {
            "value": 0.18355180000000001,
            "min": 0.18355180000000001,
            "max": 0.19794499999999995,
            "count": 8
        },
        "BoxerRed.Policy.Beta.mean": {
            "value": 0.005000000000000001,
            "min": 0.005000000000000001,
            "max": 0.005000000000000001,
            "count": 8
        },
        "BoxerRed.Policy.Beta.sum": {
            "value": 0.005000000000000001,
            "min": 0.005000000000000001,
            "max": 0.005000000000000001,
            "count": 8
        },
        "BoxerBlue.Losses.PolicyLoss.mean": {
            "value": 0.021067418064922093,
            "min": 0.02104488289915025,
            "max": 0.028853222832549364,
            "count": 8
        },
        "BoxerBlue.Losses.PolicyLoss.sum": {
            "value": 0.021067418064922093,
            "min": 0.02104488289915025,
            "max": 0.028853222832549364,
            "count": 8
        },
        "BoxerBlue.Losses.ValueLoss.mean": {
            "value": 219.92021636962892,
            "min": 164.74445673624675,
            "max": 219.92021636962892,
            "count": 8
        },