{
    "name": "root",
    "gauges": {
        "BoxerBlue.Policy.Entropy.mean": {
            "value": 2.5917327404022217,
            "min": 2.548431873321533,
            "max": 3.1631343364715576,
            "count": 36
        },
        "BoxerBlue.Policy.Entropy.sum": {
            "value": 13072.7001953125,
            "min": 12528.0908203125,
            "max": 16113.7568359375,
            "count": 36
        },
        "BoxerBlue.Environment.EpisodeLength.mean": {
            "value": 2274.75,
            "min": 52.68478260869565,
            "max": 2274.75,
            "count": 36
        },
        "BoxerBlue.Environment.EpisodeLength.sum": {
            "value": 9099.0,
            "min": 699.0,
            "max": 9099.0,
            "count": 36
        },
        "BoxerBlue.Step.mean": {
            "value": 204973.0,
            "min": 29987.0,
            "max": 204973.0,
            "count": 36
        },
        "BoxerBlue.Step.sum": {
            "value": 204973.0,
            "min": 29987.0,
            "max": 204973.0,
            "count": 36
        },
        "BoxerBlue.Policy.ExtrinsicValueEstimate.mean": {
            "value": 53.44536209106445,
            "min": 29.316673278808594,
            "max": 77.87968444824219,
            "count": 36
        },
        "BoxerBlue.Policy.ExtrinsicValueEstimate.sum": {
            "value": 4275.62890625,
            "min": 3376.774658203125,
            "max": 6853.412109375,
            "count": 36
        },
        "BoxerBlue.Environment.CumulativeReward.mean": {
            "value": 906.9850343763828,
            "min": 78.793887535731,
            "max": 906.9850343763828,
            "count": 36
        },
        "BoxerBlue.Environment.CumulativeReward.sum": {
            "value": 3627.9401375055313,
            "min": 264.18000841140747,
            "max": 11663.039787769318,
            "count": 36
        },
        "BoxerBlue.Policy.ExtrinsicReward.mean": {
            "value": 906.9850343763828,
            "min": 78.793887535731,
            "max": 906.9850343763828,
            "count": 36
        },
        "BoxerBlue.Policy.ExtrinsicReward.sum": {
            "value": 3627.9401375055313,
            "min": 264.18000841140747,
            "max": 11663.039787769318,
            "count": 36
        },
        "BoxerBlue.IsTraining.mean": {
            "value": 1.0,
            "min": 1.0,
            "max": 1.0,
            "count": 36
        },
        "BoxerBlue.IsTraining.sum": {
            "value": 1.0,
            "min": 1.0,
            "max": 1.0,
            "count": 36
        },
        "BoxerRed.Policy.Entropy.mean": {
            "value": 2.5924479961395264,
            "min": 2.5354983806610107,
            "max": 3.2625067234039307,
            "count": 36
        },
        "BoxerRed.Policy.Entropy.sum": {
            "value": 13076.3076171875,
            "min": 12464.509765625,
            "max": 16646.6328125,
            "count": 36
        },
        "BoxerRed.Environment.EpisodeLength.mean": {
            "value": 2274.75,
            "min": 52.68478260869565,
            "max": 2274.75,
            "count": 36
        },
        "BoxerRed.Environment.EpisodeLength.sum": {
            "value": 9099.0,
            "min": 699.0,
            "max": 9099.0,
            "count": 36
        },
        "BoxerRed.Step.mean": {
            "value": 204973.0,
            "min": 29987.0,
            "max": 204973.0,
            "count": 36
        },
        "BoxerRed.Step.sum": {
            "value": 204973.0,
            "min": 29987.0,
            "max": 204973.0,
            "count": 36
        },
        "BoxerRed.Policy.ExtrinsicValueEstimate.mean": {
            "value": 55.898826599121094,
            "min": 29.42817497253418,
            "max": 83.5058364868164,
            "count": 36
        },
        "BoxerRed.Policy.ExtrinsicValueEstimate.sum": {
            "value": 4471.90625,
            "min": 3439.210205078125,
            "max": 7348.513671875,
            "count": 36
        },
        "BoxerRed.Environment.CumulativeReward.mean": {
            "value": 918.785041809082,
            "min": 92.70066445668539,
            "max": 918.785041809082,
            "count": 36
        },
        "BoxerRed.Environment.CumulativeReward.sum": {
            "value": 3675.140167236328,
            "min": 283.2800178527832,
            "max": 13054.089609146118,
            "count": 36
        },
        "BoxerRed.Policy.ExtrinsicReward.mean": {
            "value": 918.785041809082,
            "min": 92.70066445668539,
            "max": 918.785041809082,
            "count": 36
        },
        "BoxerRed.Policy.ExtrinsicReward.sum": {
            "value": 3675.140167236328,
            "min": 283.2800178527832,
            "max": 13054.089609146118,
            "count": 36
        },
        "BoxerRed.IsTraining.mean": {
            "value": 1.0,
            "min": 1.0,
            "max": 1.0,
            "count": 36
        },
        "BoxerRed.IsTraining.sum": {
            "value": 1.0,
            "min": 1.0,
            "max": 1.0,
            "count": 36
        },
        "BoxerBlue.Losses.PolicyLoss.mean": {
            "value": 0.024001728157357623,
            "min": 0.016621521658574542,
            "max": 0.03235330399669086,
            "count": 17
        },
        "BoxerBlue.Losses.PolicyLoss.sum": {
            "value": 0.024001728157357623,
            "min": 0.016621521658574542,
            "max": 0.03235330399669086,
            "count": 17
        },
        "BoxerBlue.Losses.ValueLoss.mean": {
            "value": 10.788242801030476,
            "min": 10.788242801030476,
            "max": 365.23598124186196,
            "count": 17
        },
        "BoxerBlue.Losses.ValueLoss.sum": {
            "value": 10.788242801030476,
            "min": 10.788242801030476,
            "max": 365.23598124186196,
            "count": 17
        },
        "BoxerBlue.Policy.LearningRate.mean": {
            "value": 0.00018025083991640004,
            "min": 0.00018025083991640004,
            "max": 0.00027884160705279995,
            "count": 17
        },
        "BoxerBlue.Policy.LearningRate.sum": {
            "value": 0.00018025083991640004,
            "min": 0.00018025083991640004,
            "max": 0.00027884160705279995,
            "count": 17
        },
        "BoxerBlue.Policy.Epsilon.mean": {
            "value": 0.16008360000000002,
            "min": 0.16008360000000002,
            "max": 0.19294719999999999,
            "count": 17
        },
        "BoxerBlue.Policy.Epsilon.sum": {
            "value": 0.16008360000000002,
            "min": 0.16008360000000002,
            "max": 0.19294719999999999,
            "count": 17
        },
        "BoxerBlue.Policy.Beta.mean": {
            "value": 0.005000000000000001,
            "min": 0.005000000000000001,
            "max": 0.005000000000000001,
            "count": 17
        },
        "BoxerBlue.Policy.Beta.sum": {
            "value": 0.005000000000000001,
            "min": 0.005000000000000001,
            "max": 0.005000000000000001,
            "count": 17
        },
        "BoxerRed.Losses.PolicyLoss.mean": {
            "value": 0.02137597363519793,
            "min": 0.016592043051302123,
            "max": 0.030184939480386676,
            "count": 17
        },
        "BoxerRed.Losses.PolicyLoss.sum": {
            "value": 0.02137597363519793,
            "min": 0.016592043051302123,
            "max": 0.030184939480386676,
            "count": 17
        },
        "BoxerRed.Losses.ValueLoss.mean": {
            "value": 9.096931846936544,
            "min": 9.096931846936544,